code,name,description,category,url,status
,,,,,active
,,,,,active
,,,,,active
,,,,,active
,,,,,active
,,,,,active
,,,,,active
,,,,,active
,,,,,active
,,,,,active
,,,,,active
,,,,,active
,,,,,active
,,,,,active
,,,,,active
,,,,,active
,,,,,active
,,,,,active
,,,,,active
,,,,,active
,,,,,active
,,,,,active
,,,,,active
,,,,,active
,,,,,active
,,,,,active
,,,,,active
,,,,,active
,,,,,active
,,,,,active
,,,,,active
,,,,,active
,,,,,active
,,,,,active
,,,,,active
,,,,,active
,,,,,active
,,,,,active
,,,,,active
,,,,,active
,,,,,active
,,,,,active
,,,,,active
,,,,,active
,,,,,active
,,,,,active
,,,,,active
,,,,,active
,,,,,active
,,,,,active
,,,,,active
,,,,,active
,,,,,active
,,,,,active
,,,,,active
,,,,,active
,,,,,active
,,,,,active
,,,,,active
,,,,,active
,,,,,active
,,,,,active
,,,,,active
,,,,,active
,,,,,active
,,,,,active
,,,,,active
,,,,,active
,,,,,active
,,,,,active
,,,,,active
,,,,,active
,,,,,active
,,,,,active
,,,,,active
,,,,,active
,,,,,active
,,,,,active
,,,,,active
,,,,,active
,,,,,active
,,,,,active
,,,,,active
,,,,,active
,,,,,active
,,,,,active
,,,,,active
,,,,,active
,,,,,active
,,,,,active
,,,,,active
,,,,,active
,,,,,active
,,,,,active
,,,,,active
,,,,,active
,,,,,active
,,,,,active
,,,,,active
,,,,,active
,,,,,active
,,,,,active
,,,,,active
,,,,,active
,,,,,active
,,,,,active
,,,,,active
,,,,,active
,,,,,active
,,,,,active
,,,,,active
,,,,,active
,,,,,active
,,,,,active
,,,,,active
,,,,,active
,,,,,active
,,,,,active
,,,,,active
,,,,,active
,,,,,active
,,,,,active
,,,,,active
,,,,,active
,,,,,active
,,,,,active
,,,,,active
,,,,,active
,,,,,active
,,,,,active
,,,,,active
,,,,,active
,,,,,active
,,,,,active
,,,,,active
,,,,,active
,,,,,active
,,,,,active
,,,,,active
,,,,,active
,,,,,active
,,,,,active
,,,,,active
,,,,,active
,,,,,active
,,,,,active
,,,,,active
,,,,,active
,,,,,active
,,,,,active
,,,,,active
,,,,,active
,,,,,active
,,,,,active
,,,,,active
,,,,,active
,,,,,active
,,,,,active
,,,,,active
,,,,,active
,,,,,active
,,,,,active
,,,,,active
,,,,,active
,,,,,active
,,,,,active
,,,,,active
,,,,,active
,,,,,active
,,,,,active
,,,,,active
,,,,,active
,,,,,active
,,,,,active
,,,,,active
,,,,,active
,,,,,active
,,,,,active
,,,,,active
,,,,,active
,,,,,active
,,,,,active
,,,,,active
,,,,,active
,,,,,active
,,,,,active
,,,,,active
,,,,,active
,,,,,active
,,,,,active
,,,,,active
,,,,,active
,,,,,active
,,,,,active
,,,,,active
,,,,,active
,,,,,active
,,,,,active
,,,,,active
,,,,,active
,,,,,active
,,,,,active
,,,,,active
,,,,,active
,,,,,active
,,,,,active
,,,,,active
,,,,,active
,,,,,active
,,,,,active
,,,,,active
,,,,,active
,,,,,active
,,,,,active
,,,,,active
,,,,,active
,,,,,active
,,,,,active
,,,,,active
,,,,,active
,,,,,active
,,,,,active
,,,,,active
,,,,,active
,,,,,active
,,,,,active
,,,,,active
,,,,,active
,,,,,active
,,,,,active
,,,,,active
,,,,,active
,,,,,active
,,,,,active
,,,,,active
,,,,,active
,,,,,active
,,,,,active
,,,,,active
,,,,,active
,,,,,active
,,,,,active
,,,,,active
,,,,,active
,,,,,active
,,,,,active
,,,,,active
,,,,,active
,,,,,active
,,,,,active
,,,,,active
,,,,,active
,,,,,active
,,,,,active
,,,,,active
,,,,,active
,,,,,active
,,,,,active
,,,,,active
,,,,,active
,,,,,active
,,,,,active
,,,,,active
,,,,,active
,,,,,active
,,,,,active
,,,,,active
,,,,,active
,,,,,active
,,,,,active
,,,,,active
,,,,,active
,,,,,active
,,,,,active
,,,,,active
,,,,,active
,,,,,active
,,,,,active
,,,,,active
,,,,,active
,,,,,active
,,,,,active
,,,,,active
,,,,,active
,,,,,active
,,,,,active
,,,,,active
,,,,,active
,,,,,active
,,,,,active
,,,,,active
,,,,,active
,,,,,active
,,,,,active
,,,,,active
,,,,,active
,,,,,active
,,,,,active
,,,,,active
,,,,,active
,,,,,active
,,,,,active
,,,,,active
,,,,,active
,,,,,active
,,,,,active
,,,,,active
,,,,,active
,,,,,active
,,,,,active
,,,,,active
,,,,,active
,,,,,active
,,,,,active
,,,,,withdrawn
,,,,,active
,,,,,active
,,,,,active
,,,,,active
,,,,,active
,,,,,active
,,,,,active
,,,,,active
,,,,,active
,,,,,active
,,,,,active
,,,,,active
,,,,,active
,,,,,active
,,,,,active
,,,,,active
,,,,,active
,,,,,active
,,,,,active
,,,,,active
,,,,,active
,,,,,active
,,,,,active
,,,,,active
,,,,,active
,,,,,active
,,,,,active
,,,,,active
,,,,,active
,,,,,withdrawn
,,,,,active
,,,,,active
,,,,,active
,,,,,active
,,,,,active
,,,,,active
,,,,,active
,,,,,active
,,,,,active
,,,,,active
,,,,,active
,,,,,active
,,,,,active
,,,,,active
